Model,R2_Score,RMSE_USD,MAE_USD,RMSE_log,CV_RMSE_Mean_log,CV_RMSE_Std_log,TrainTime_sec,MSE_USD,MAE_log
Linear Regression,0.9327546658956067,21721.604254352453,15091.801607570133,0.10873640333139187,0.1274,0.0105,0.044,471828091.3827025,0.08178475247408327
Ridge Regression,0.9415658056741254,20248.569610793274,13978.569013894752,0.10441050782839603,0.1157,0.0167,0.011,410004571.28314084,0.07728354841325012
Lasso Regression,0.9400498708265373,20509.538154181868,14023.95081159951,0.10253569748590759,0.1152,0.0166,0.072,420641155.2978417,0.07640850353169872
Decision Tree,0.816457796386831,35886.30880494766,24856.96411649332,0.18554182452513,0.1932,0.0188,0.016,1287827159.6440637,0.1374199542620005
Random Forest,0.9186993686322495,23884.039365629975,16437.940583640335,0.12083311274149922,0.1405,0.0167,1.911,570447336.4189622,0.09082669127281343
Gradient Boosting,0.9435123493428286,19908.45581056249,13929.005022930374,0.10469627565166681,0.1236,0.0145,3.644,396346612.76111937,0.07791104330635715
XGBoost,0.9415837895609235,20245.45349008654,14370.612288683633,0.10699108834120301,0.1226,0.0148,2.046,409878387.01925725,0.080943628865799
Multi-Layer Perceptron (MLP),0.5698628842035651,54936.91635414525,35770.46909394298,0.27798755440570244,0.2961,0.0342,1.256,3018064778.5023518,0.19658417333109382
LSTM Regressor,-0.06475682468180421,86434.28332862821,59107.142837966116,0.41999954195596123,0.3804,0.0305,6.795,7470885334.533578,0.32487195008297387
