District,State,Tier,Category,Avg_Rate_Sqft,Estimated_2BHK_Lakhs,Estimated_3BHK_Lakhs,YoY_Growth,Top_Localities
Bengaluru Urban,Karnataka,Tier-1,IT Mega-Hub,6850,75.0,120.0,11.2%,"Whitefield, HSR Layout, Indiranagar, Electronic City"
Bengaluru Rural,Karnataka,Tier-2,Peripheral Growth,4200,48.0,75.0,8.5%,"Devanahalli, Nelamangala, Doddaballapur"
Mysuru (Mysore),Karnataka,Tier-2,Heritage & Tech,3800,42.0,65.0,7.8%,"Gokulam, Vijayanagar, Kuvempunagar, Jayalakshmipuram"
Mangaluru (Mangalore),Karnataka,Tier-2,Coastal Commercial,4400,50.0,78.0,6.9%,"Kadri, Bejai, Urwa, Falnir"
Hubballi-Dharwad,Karnataka,Tier-3,North Hub,3200,35.0,55.0,5.5%,"Vidyanagar, Keshwapur, Rayapur"
Belagavi (Belgaum),Karnataka,Tier-3,Industrial,2900,32.0,50.0,5.1%,"Tilakwadi, Camp, Mandoli Road"
Mumbai City,Maharashtra,Tier-1,Financial Capital,24500,240.0,420.0,6.5%,"South Mumbai, Worli, Lower Parel, Dadar"
Mumbai Suburban,Maharashtra,Tier-1,High Density Metro,18200,165.0,290.0,7.2%,"Bandra, Andheri, Borivali, Powai"
Pune,Maharashtra,Tier-1,Auto & IT Hub,6400,68.0,110.0,9.4%,"Hinjewadi, Baner, Wakad, Viman Nagar, Kharadi"
Thane,Maharashtra,Tier-1,Metropolitan Expansion,11200,105.0,175.0,8.1%,"Ghodbunder Road, Majiwada, Vasant Vihar"
Nagpur,Maharashtra,Tier-2,Logistics & Metro,3600,38.0,60.0,7.4%,"Manish Nagar, Dharampeth, Besa, Wardha Road"
Nashik,Maharashtra,Tier-2,Industrial Valley,3400,36.0,56.0,6.2%,"Gangapur Road, Indira Nagar, College Road"
New Delhi,Delhi-NCR,Tier-1,National Capital,14500,150.0,260.0,8.8%,"Dwarka, Vasant Kunj, Greater Kailash, Saket"
Gurugram,Haryana (NCR),Tier-1,Corporate Hub,9200,98.0,165.0,12.4%,"Golf Course Extn, Cyber City, Sector 56, Sohna Road"
Gautam Buddha Nagar (Noida),Uttar Pradesh (NCR),Tier-1,Planned Metro,7400,72.0,125.0,11.8%,"Sector 62, Sector 137, Noida Expressway, Greater Noida West"
Hyderabad,Telangana,Tier-1,Tech Corridor,6100,65.0,108.0,10.6%,"Hitec City, Gachibowli, Madhapur, Kondapur, Kukatpally"
Chennai,Tamil Nadu,Tier-1,Manufacturing & Tech,6300,68.0,115.0,7.1%,"OMR, Velachery, Anna Nagar, Adyar, Porur"
Kolkata,West Bengal,Tier-1,Eastern Metro,4800,52.0,85.0,5.8%,"New Town, Salt Lake, Rajarhat, South City"
Ahmedabad,Gujarat,Tier-2,Commercial Hub,4500,48.0,78.0,8.3%,"SG Highway, Bopal, Satellite, Prahlad Nagar"
Jaipur,Rajasthan,Tier-2,Tourism & Growth,3900,40.0,65.0,7.5%,"Jagatpura, Vaishali Nagar, Mansarovar, Tonk Road"
Lucknow,Uttar Pradesh,Tier-2,Capital Growth,3850,40.0,64.0,8.2%,"Gomti Nagar, Sushant Golf City, Indira Nagar, Aliganj"
Kochi (Ernakulam),Kerala,Tier-2,Port & IT,4900,54.0,86.0,6.8%,"Kakkanad, Marine Drive, Edappally, Kadavanthra"
Chandigarh,Chandigarh UT,Tier-2,Planned Capital,6700,70.0,115.0,7.0%,"Sector 35, Sector 43, Aerocity Mohali, Zirakpur"
Indore,Madhya Pradesh,Tier-2,Cleanest Metro,3800,39.0,62.0,8.7%,"Vijay Nagar, Super Corridor, Nipania, AB Road"
Visakhapatnam,Andhra Pradesh,Tier-2,Coastal Executive,4100,44.0,70.0,7.3%,"Madhurawada, MVP Colony, Rushikonda, Gajuwaka"
Coimbatore,Tamil Nadu,Tier-2,Industrial Hub,4200,45.0,72.0,6.4%,"Saravanampatti, RS Puram, Peelamedu, Gandhipuram"
Bhubaneswar,Odisha,Tier-2,Smart City East,3750,40.0,64.0,7.6%,"Patia, Chandrasekharpur, Jayadev Vihar, Sundarpada"
Patna,Bihar,Tier-2,Regional Capital,4200,46.0,74.0,6.2%,"Bailey Road, Kankarbagh, Boring Road, Danapur"
Dehradun,Uttarakhand,Tier-2,Education & Valley,4300,46.0,74.0,8.0%,"Rajpur Road, Sahastradhara Road, GMS Road"
Guwahati,Assam,Tier-2,North-East Gateway,3600,38.0,60.0,6.5%,"GS Road, VIP Road, Six Mile, Zoo Road"
